<?xml version="1.0" encoding="UTF-8"?>
<root>
  <item name="com.kochava.base.Controller int getOperatingMode()">
    <annotation name="android.support.annotation.IntDef">
      <val name="value" val="{com.kochava.base.Tracker.OPERATING_MODE_RUN, com.kochava.base.Tracker.OPERATING_MODE_PAUSE, com.kochava.base.Tracker.OPERATING_MODE_STOP}" />
    </annotation>
  </item>
  <item name="com.kochava.base.Controller void setOperatingMode(int) 0">
    <annotation name="android.support.annotation.IntDef">
      <val name="value" val="{com.kochava.base.Tracker.OPERATING_MODE_RUN, com.kochava.base.Tracker.OPERATING_MODE_PAUSE, com.kochava.base.Tracker.OPERATING_MODE_STOP}" />
    </annotation>
  </item>
  <item name="com.kochava.base.DataPoints.InstallReferrerHelper int InstallReferrerStringToStatus(java.lang.String)">
    <annotation name="android.support.annotation.IntDef">
      <val name="value" val="{com.kochava.base.InstallReferrer.STATUS_SERVICE_DISCONNECTED, com.kochava.base.InstallReferrer.STATUS_OK, com.kochava.base.InstallReferrer.STATUS_SERVICE_UNAVAILABLE, com.kochava.base.InstallReferrer.STATUS_FEATURE_NOT_SUPPORTED, com.kochava.base.InstallReferrer.STATUS_DEVELOPER_ERROR, com.kochava.base.InstallReferrer.STATUS_TIMED_OUT, com.kochava.base.InstallReferrer.STATUS_MISSING_DEPENDENCY, com.kochava.base.InstallReferrer.STATUS_NOT_GATHERED}" />
    </annotation>
  </item>
  <item name="com.kochava.base.DataPoints.InstallReferrerHelper java.lang.String InstallReferrerStatusToString(int) 0">
    <annotation name="android.support.annotation.IntDef">
      <val name="value" val="{com.kochava.base.InstallReferrer.STATUS_SERVICE_DISCONNECTED, com.kochava.base.InstallReferrer.STATUS_OK, com.kochava.base.InstallReferrer.STATUS_SERVICE_UNAVAILABLE, com.kochava.base.InstallReferrer.STATUS_FEATURE_NOT_SUPPORTED, com.kochava.base.InstallReferrer.STATUS_DEVELOPER_ERROR, com.kochava.base.InstallReferrer.STATUS_TIMED_OUT, com.kochava.base.InstallReferrer.STATUS_MISSING_DEPENDENCY, com.kochava.base.InstallReferrer.STATUS_NOT_GATHERED}" />
    </annotation>
  </item>
  <item name="com.kochava.base.Database int optLogLevel(java.lang.Object, int)">
    <annotation name="android.support.annotation.IntDef">
      <val name="value" val="{com.kochava.base.Tracker.LOG_LEVEL_NONE, com.kochava.base.Tracker.LOG_LEVEL_ERROR, com.kochava.base.Tracker.LOG_LEVEL_WARN, com.kochava.base.Tracker.LOG_LEVEL_INFO, com.kochava.base.Tracker.LOG_LEVEL_DEBUG, com.kochava.base.Tracker.LOG_LEVEL_TRACE}" />
    </annotation>
  </item>
  <item name="com.kochava.base.Database int optLogLevel(java.lang.Object, int) 1">
    <annotation name="android.support.annotation.IntDef">
      <val name="value" val="{com.kochava.base.Tracker.LOG_LEVEL_NONE, com.kochava.base.Tracker.LOG_LEVEL_ERROR, com.kochava.base.Tracker.LOG_LEVEL_WARN, com.kochava.base.Tracker.LOG_LEVEL_INFO, com.kochava.base.Tracker.LOG_LEVEL_DEBUG, com.kochava.base.Tracker.LOG_LEVEL_TRACE}" />
    </annotation>
  </item>
  <item name="com.kochava.base.Database void putJsonObject(java.lang.String, java.lang.Object, org.json.JSONObject, int) 3">
    <annotation name="android.support.annotation.IntDef">
      <val name="value" val="{com.kochava.base.Tracker.LOG_LEVEL_NONE, com.kochava.base.Tracker.LOG_LEVEL_ERROR, com.kochava.base.Tracker.LOG_LEVEL_WARN, com.kochava.base.Tracker.LOG_LEVEL_INFO, com.kochava.base.Tracker.LOG_LEVEL_DEBUG, com.kochava.base.Tracker.LOG_LEVEL_TRACE}" />
    </annotation>
  </item>
  <item name="com.kochava.base.InstallReferrer status">
    <annotation name="android.support.annotation.IntDef">
      <val name="value" val="{com.kochava.base.InstallReferrer.STATUS_SERVICE_DISCONNECTED, com.kochava.base.InstallReferrer.STATUS_OK, com.kochava.base.InstallReferrer.STATUS_SERVICE_UNAVAILABLE, com.kochava.base.InstallReferrer.STATUS_FEATURE_NOT_SUPPORTED, com.kochava.base.InstallReferrer.STATUS_DEVELOPER_ERROR, com.kochava.base.InstallReferrer.STATUS_TIMED_OUT, com.kochava.base.InstallReferrer.STATUS_MISSING_DEPENDENCY, com.kochava.base.InstallReferrer.STATUS_NOT_GATHERED}" />
    </annotation>
  </item>
  <item name="com.kochava.base.InstallReferrer.InstallReferrerStatus">
    <annotation name="android.support.annotation.IntDef">
      <val name="value" val="{com.kochava.base.InstallReferrer.STATUS_SERVICE_DISCONNECTED, com.kochava.base.InstallReferrer.STATUS_OK, com.kochava.base.InstallReferrer.STATUS_SERVICE_UNAVAILABLE, com.kochava.base.InstallReferrer.STATUS_FEATURE_NOT_SUPPORTED, com.kochava.base.InstallReferrer.STATUS_DEVELOPER_ERROR, com.kochava.base.InstallReferrer.STATUS_TIMED_OUT, com.kochava.base.InstallReferrer.STATUS_MISSING_DEPENDENCY, com.kochava.base.InstallReferrer.STATUS_NOT_GATHERED}" />
    </annotation>
  </item>
  <item name="com.kochava.base.LocationDataPoint org.json.JSONObject getLocation(android.content.Context, int, int, int, java.lang.String) 4">
    <annotation name="android.support.annotation.StringDef">
      <val name="value" val="{com.kochava.base.DataPoints.LOCATION_MODE_AUTO, com.kochava.base.DataPoints.LOCATION_MODE_GOOGLE_PLAY, com.kochava.base.DataPoints.LOCATION_MODE_DEVICE}" />
    </annotation>
  </item>
  <item name="com.kochava.base.LocationHelper LocationHelper(java.lang.String) 0">
    <annotation name="android.support.annotation.StringDef">
      <val name="value" val="{com.kochava.base.DataPoints.LOCATION_MODE_AUTO, com.kochava.base.DataPoints.LOCATION_MODE_GOOGLE_PLAY, com.kochava.base.DataPoints.LOCATION_MODE_DEVICE}" />
    </annotation>
  </item>
  <item name="com.kochava.base.LocationHelper mode">
    <annotation name="android.support.annotation.StringDef">
      <val name="value" val="{com.kochava.base.DataPoints.LOCATION_MODE_AUTO, com.kochava.base.DataPoints.LOCATION_MODE_GOOGLE_PLAY, com.kochava.base.DataPoints.LOCATION_MODE_DEVICE}" />
    </annotation>
  </item>
  <item name="com.kochava.base.LogListener void onLog(int, java.lang.String, java.lang.String) 0">
    <annotation name="android.support.annotation.IntDef">
      <val name="value" val="{com.kochava.base.Tracker.LOG_LEVEL_NONE, com.kochava.base.Tracker.LOG_LEVEL_ERROR, com.kochava.base.Tracker.LOG_LEVEL_WARN, com.kochava.base.Tracker.LOG_LEVEL_INFO, com.kochava.base.Tracker.LOG_LEVEL_DEBUG, com.kochava.base.Tracker.LOG_LEVEL_TRACE}" />
    </annotation>
  </item>
  <item name="com.kochava.base.State operatingMode">
    <annotation name="android.support.annotation.IntDef">
      <val name="value" val="{com.kochava.base.Tracker.OPERATING_MODE_RUN, com.kochava.base.Tracker.OPERATING_MODE_PAUSE, com.kochava.base.Tracker.OPERATING_MODE_STOP}" />
    </annotation>
  </item>
  <item name="com.kochava.base.TaskInit DEFAULT_LOCATION_MODE">
    <annotation name="android.support.annotation.StringDef">
      <val name="value" val="{com.kochava.base.DataPoints.LOCATION_MODE_AUTO, com.kochava.base.DataPoints.LOCATION_MODE_GOOGLE_PLAY, com.kochava.base.DataPoints.LOCATION_MODE_DEVICE}" />
    </annotation>
  </item>
  <item name="com.kochava.base.Tracker logLevel">
    <annotation name="android.support.annotation.IntDef">
      <val name="value" val="{com.kochava.base.Tracker.LOG_LEVEL_NONE, com.kochava.base.Tracker.LOG_LEVEL_ERROR, com.kochava.base.Tracker.LOG_LEVEL_WARN, com.kochava.base.Tracker.LOG_LEVEL_INFO, com.kochava.base.Tracker.LOG_LEVEL_DEBUG, com.kochava.base.Tracker.LOG_LEVEL_TRACE}" />
    </annotation>
  </item>
  <item name="com.kochava.base.Tracker void log(int, java.lang.String, java.lang.String, java.lang.Object...) 0">
    <annotation name="android.support.annotation.IntDef">
      <val name="value" val="{com.kochava.base.Tracker.LOG_LEVEL_NONE, com.kochava.base.Tracker.LOG_LEVEL_ERROR, com.kochava.base.Tracker.LOG_LEVEL_WARN, com.kochava.base.Tracker.LOG_LEVEL_INFO, com.kochava.base.Tracker.LOG_LEVEL_DEBUG, com.kochava.base.Tracker.LOG_LEVEL_TRACE}" />
    </annotation>
  </item>
  <item name="com.kochava.base.Tracker void setLogListener(com.kochava.base.LogListener, int) 1">
    <annotation name="android.support.annotation.IntDef">
      <val name="value" val="{com.kochava.base.Tracker.LOG_LEVEL_NONE, com.kochava.base.Tracker.LOG_LEVEL_ERROR, com.kochava.base.Tracker.LOG_LEVEL_WARN, com.kochava.base.Tracker.LOG_LEVEL_INFO, com.kochava.base.Tracker.LOG_LEVEL_DEBUG, com.kochava.base.Tracker.LOG_LEVEL_TRACE}" />
    </annotation>
  </item>
  <item name="com.kochava.base.Tracker.Configuration com.kochava.base.Tracker.Configuration setLogLevel(int) 0">
    <annotation name="android.support.annotation.IntDef">
      <val name="value" val="{com.kochava.base.Tracker.LOG_LEVEL_NONE, com.kochava.base.Tracker.LOG_LEVEL_ERROR, com.kochava.base.Tracker.LOG_LEVEL_WARN, com.kochava.base.Tracker.LOG_LEVEL_INFO, com.kochava.base.Tracker.LOG_LEVEL_DEBUG, com.kochava.base.Tracker.LOG_LEVEL_TRACE}" />
    </annotation>
  </item>
  <item name="com.kochava.base.Tracker.Configuration logLevel">
    <annotation name="android.support.annotation.IntDef">
      <val name="value" val="{com.kochava.base.Tracker.LOG_LEVEL_NONE, com.kochava.base.Tracker.LOG_LEVEL_ERROR, com.kochava.base.Tracker.LOG_LEVEL_WARN, com.kochava.base.Tracker.LOG_LEVEL_INFO, com.kochava.base.Tracker.LOG_LEVEL_DEBUG, com.kochava.base.Tracker.LOG_LEVEL_TRACE}" />
    </annotation>
  </item>
  <item name="com.kochava.base.Tracker.Event Event(int) 0">
    <annotation name="android.support.annotation.IntDef">
      <val name="value" val="{com.kochava.base.Tracker.EVENT_TYPE_ACHIEVEMENT, com.kochava.base.Tracker.EVENT_TYPE_ADD_TO_CART, com.kochava.base.Tracker.EVENT_TYPE_ADD_TO_WISH_LIST, com.kochava.base.Tracker.EVENT_TYPE_CHECKOUT_START, com.kochava.base.Tracker.EVENT_TYPE_LEVEL_COMPLETE, com.kochava.base.Tracker.EVENT_TYPE_PURCHASE, com.kochava.base.Tracker.EVENT_TYPE_RATING, com.kochava.base.Tracker.EVENT_TYPE_REGISTRATION_COMPLETE, com.kochava.base.Tracker.EVENT_TYPE_SEARCH, com.kochava.base.Tracker.EVENT_TYPE_TUTORIAL_COMPLETE, com.kochava.base.Tracker.EVENT_TYPE_VIEW, com.kochava.base.Tracker.EVENT_TYPE_AD_VIEW, com.kochava.base.Tracker.EVENT_TYPE_PUSH_RECEIVED, com.kochava.base.Tracker.EVENT_TYPE_PUSH_OPENED, com.kochava.base.Tracker.EVENT_TYPE_CONSENT_GRANTED, com.kochava.base.Tracker.EVENT_TYPE_DEEP_LINK, com.kochava.base.Tracker.EVENT_TYPE_AD_CLICK, com.kochava.base.Tracker.EVENT_TYPE_START_TRIAL, com.kochava.base.Tracker.EVENT_TYPE_SUBSCRIBE}" />
    </annotation>
  </item>
  <item name="com.kochava.base.Tracker.EventType">
    <annotation name="android.support.annotation.IntDef">
      <val name="value" val="{com.kochava.base.Tracker.EVENT_TYPE_ACHIEVEMENT, com.kochava.base.Tracker.EVENT_TYPE_ADD_TO_CART, com.kochava.base.Tracker.EVENT_TYPE_ADD_TO_WISH_LIST, com.kochava.base.Tracker.EVENT_TYPE_CHECKOUT_START, com.kochava.base.Tracker.EVENT_TYPE_LEVEL_COMPLETE, com.kochava.base.Tracker.EVENT_TYPE_PURCHASE, com.kochava.base.Tracker.EVENT_TYPE_RATING, com.kochava.base.Tracker.EVENT_TYPE_REGISTRATION_COMPLETE, com.kochava.base.Tracker.EVENT_TYPE_SEARCH, com.kochava.base.Tracker.EVENT_TYPE_TUTORIAL_COMPLETE, com.kochava.base.Tracker.EVENT_TYPE_VIEW, com.kochava.base.Tracker.EVENT_TYPE_AD_VIEW, com.kochava.base.Tracker.EVENT_TYPE_PUSH_RECEIVED, com.kochava.base.Tracker.EVENT_TYPE_PUSH_OPENED, com.kochava.base.Tracker.EVENT_TYPE_CONSENT_GRANTED, com.kochava.base.Tracker.EVENT_TYPE_DEEP_LINK, com.kochava.base.Tracker.EVENT_TYPE_AD_CLICK, com.kochava.base.Tracker.EVENT_TYPE_START_TRIAL, com.kochava.base.Tracker.EVENT_TYPE_SUBSCRIBE}" />
    </annotation>
  </item>
  <item name="com.kochava.base.Tracker.LogLevel">
    <annotation name="android.support.annotation.IntDef">
      <val name="value" val="{com.kochava.base.Tracker.LOG_LEVEL_NONE, com.kochava.base.Tracker.LOG_LEVEL_ERROR, com.kochava.base.Tracker.LOG_LEVEL_WARN, com.kochava.base.Tracker.LOG_LEVEL_INFO, com.kochava.base.Tracker.LOG_LEVEL_DEBUG, com.kochava.base.Tracker.LOG_LEVEL_TRACE}" />
    </annotation>
  </item>
</root>

